type;ident;lat;long;y_proj;x_proj;new_seg;display;color;altitude;depth;temp;time;model;filename;ltime;
TRACK;1.- VIGEN DE CHAPI + CIUDAD MUNICIPAL IX ARRIBA + CIUDAD MUNICIPAL VIII; ; ;-1.516416327;20763369.87; ; ; ; ; ; ; ; ; ; ; 
TRACK;1.- VIGEN DE CHAPI + CIUDAD MUNICIPAL IX ARRIBA + CIUDAD MUNICIPAL VIII;-16.31058488;-71.58476562;-1930090.537;2833976.678;False; ; ;0; ; ; ; ; ; ; 
TRACK;1.- VIGEN DE CHAPI + CIUDAD MUNICIPAL IX ARRIBA + CIUDAD MUNICIPAL VIII;-16.31099146;-71.58554263;-1930128.573;2833883.287;False; ; ;0; ; ; ; ; ; ; 
TRACK;1.- VIGEN DE CHAPI + CIUDAD MUNICIPAL IX ARRIBA + CIUDAD MUNICIPAL VIII;-16.31105178;-71.58592521;-1930130.874;2833839.115;False; ; ;0; ; ; ; ; ; ; 
TRACK;1.- VIGEN DE CHAPI + CIUDAD MUNICIPAL IX ARRIBA + CIUDAD MUNICIPAL VIII;-16.31123912;-71.58724095;-1930136.427;2833687.462;False; ; ;0; ; ; ; ; ; ; 
TRACK;1.- VIGEN DE CHAPI + CIUDAD MUNICIPAL IX ARRIBA + CIUDAD MUNICIPAL VIII;-16.31162758;-71.58732504;-1930180.998;2833672.897;False; ; ;0; ; ; ; ; ; ; 
TRACK;1.- VIGEN DE CHAPI + CIUDAD MUNICIPAL IX ARRIBA + CIUDAD MUNICIPAL VIII;-16.31167158;-71.58766184;-1930181.955;2833634.128;False; ; ;0; ; ; ; ; ; ; 
TRACK;1.- VIGEN DE CHAPI + CIUDAD MUNICIPAL IX ARRIBA + CIUDAD MUNICIPAL VIII;-16.31248289;-71.58777593;-1930275.811;2833610.685;False; ; ;0; ; ; ; ; ; ; 
TRACK;1.- VIGEN DE CHAPI + CIUDAD MUNICIPAL IX ARRIBA + CIUDAD MUNICIPAL VIII;-16.31252342;-71.5879605;-1930278.264;2833589.227;False; ; ;0; ; ; ; ; ; ; 
TRACK;1.- VIGEN DE CHAPI + CIUDAD MUNICIPAL IX ARRIBA + CIUDAD MUNICIPAL VIII;-16.31265999;-71.58792486;-1930294.748;2833591.502;False; ; ;0; ; ; ; ; ; ; 
TRACK;1.- VIGEN DE CHAPI + CIUDAD MUNICIPAL IX ARRIBA + CIUDAD MUNICIPAL VIII;-16.31272247;-71.59021529;-1930273.452;2833330.926;False; ; ;0; ; ; ; ; ; ; 
TRACK;1.- VIGEN DE CHAPI + CIUDAD MUNICIPAL IX ARRIBA + CIUDAD MUNICIPAL VIII;-16.3131069;-71.59022118;-1930318.527;2833325.281;False; ; ;0; ; ; ; ; ; ; 
TRACK;1.- VIGEN DE CHAPI + CIUDAD MUNICIPAL IX ARRIBA + CIUDAD MUNICIPAL VIII;-16.3131224;-71.58898445;-1930335.808;2833465.343;False; ; ;0; ; ; ; ; ; ; 
TRACK;1.- VIGEN DE CHAPI + CIUDAD MUNICIPAL IX ARRIBA + CIUDAD MUNICIPAL VIII;-16.3131101;-71.58797545;-1930346.978;2833579.937;False; ; ;0; ; ; ; ; ; ; 
TRACK;1.- VIGEN DE CHAPI + CIUDAD MUNICIPAL IX ARRIBA + CIUDAD MUNICIPAL VIII;-16.31310887;-71.58731052;-1930355.146;2833655.366;False; ; ;0; ; ; ; ; ; ; 
TRACK;1.- VIGEN DE CHAPI + CIUDAD MUNICIPAL IX ARRIBA + CIUDAD MUNICIPAL VIII;-16.31345916;-71.58412379;-1930436.135;2834012.256;False; ; ;0; ; ; ; ; ; ; 
TRACK;1.- VIGEN DE CHAPI + CIUDAD MUNICIPAL IX ARRIBA + CIUDAD MUNICIPAL VIII;-16.31295155;-71.58383112;-1930380.177;2834052.023;False; ; ;0; ; ; ; ; ; ; 
TRACK;1.- VIGEN DE CHAPI + CIUDAD MUNICIPAL IX ARRIBA + CIUDAD MUNICIPAL VIII;-16.31245159;-71.58367259;-1930323.442;2834076.477;False; ; ;0; ; ; ; ; ; ; 
TRACK;1.- VIGEN DE CHAPI + CIUDAD MUNICIPAL IX ARRIBA + CIUDAD MUNICIPAL VIII;-16.31223284;-71.58342706;-1930300.821;2834107.157;False; ; ;0; ; ; ; ; ; ; 
TRACK;1.- VIGEN DE CHAPI + CIUDAD MUNICIPAL IX ARRIBA + CIUDAD MUNICIPAL VIII;-16.31065813;-71.5834143;-1930116.037;2834128.995;False; ; ;0; ; ; ; ; ; ; 
TRACK;1.- VIGEN DE CHAPI + CIUDAD MUNICIPAL IX ARRIBA + CIUDAD MUNICIPAL VIII;-16.31034687;-71.5834014;-1930079.641;2834134.489;False; ; ;0; ; ; ; ; ; ; 
TRACK;1.- VIGEN DE CHAPI + CIUDAD MUNICIPAL IX ARRIBA + CIUDAD MUNICIPAL VIII;-16.30988554;-71.58379953;-1930020.482;2834095.306;False; ; ;0; ; ; ; ; ; ; 
TRACK;1.- VIGEN DE CHAPI + CIUDAD MUNICIPAL IX ARRIBA + CIUDAD MUNICIPAL VIII;-16.31022818;-71.58412138;-1930056.699;2834054.365;False; ; ;0; ; ; ; ; ; ; 
TRACK;2.- CIUDAD MUNICIPAL VIII + CIUDAD MUNICIPAL VI; ; ;-1.516416327;20763369.87; ; ; ; ; ; ; ; ; ; ; 
TRACK;2.- CIUDAD MUNICIPAL VIII + CIUDAD MUNICIPAL VI;-16.31655276;-71.58773141;-1930754.344;2833563.038;False; ; ;0; ; ; ; ; ; ; 
TRACK;2.- CIUDAD MUNICIPAL VIII + CIUDAD MUNICIPAL VI;-16.31318896;-71.58776092;-1930358.922;2833603.246;False; ; ;0; ; ; ; ; ; ; 
TRACK;2.- CIUDAD MUNICIPAL VIII + CIUDAD MUNICIPAL VI;-16.31319486;-71.59041435;-1930326.442;2833302.235;False; ; ;0; ; ; ; ; ; ; 
TRACK;2.- CIUDAD MUNICIPAL VIII + CIUDAD MUNICIPAL VI;-16.3166122;-71.59039122;-1930728.067;2833260.616;False; ; ;0; ; ; ; ; ; ; 
TRACK;3.- VIGEN DE CHAPI + CIUDAD MUNICIPAL IX; ; ;-1.516416327;20763369.87; ; ; ; ; ; ; ; ; ; ; 
TRACK;3.- VIGEN DE CHAPI + CIUDAD MUNICIPAL IX;-16.31659667;-71.58617016;-1930779.026;2833739.535;False; ; ;0; ; ; ; ; ; ; 
TRACK;3.- VIGEN DE CHAPI + CIUDAD MUNICIPAL IX;-16.31633564;-71.58615196;-1930748.597;2833744.98;False; ; ;0; ; ; ; ; ; ;
TRACK;3.- VIGEN DE CHAPI + CIUDAD MUNICIPAL IX;-16.31625017;-71.58603494;-1930740.023;2833759.358;False; ; ;0; ; ; ; ; ; ;
TRACK;3.- VIGEN DE CHAPI + CIUDAD MUNICIPAL IX;-16.31628417;-71.58590961;-1930745.583;2833773.132;False; ; ;0; ; ; ; ; ; ;
TRACK;3.- VIGEN DE CHAPI + CIUDAD MUNICIPAL IX;-16.31643334;-71.58570076;-1930765.714;2833794.887;False; ; ;0; ; ; ; ; ; ;
TRACK;3.- VIGEN DE CHAPI + CIUDAD MUNICIPAL IX;-16.31628678;-71.58559528;-1930749.821;2833808.748;False; ; ;0; ; ; ; ; ; ;
TRACK;3.- VIGEN DE CHAPI + CIUDAD MUNICIPAL IX;-16.31607793;-71.58548501;-1930726.672;2833823.959;False; ; ;0; ; ; ; ; ; ;
TRACK;3.- VIGEN DE CHAPI + CIUDAD MUNICIPAL IX;-16.3157625;-71.58530285;-1930691.905;2833848.704;False; ; ;0; ; ; ; ; ; ;
TRACK;3.- VIGEN DE CHAPI + CIUDAD MUNICIPAL IX;-16.31559726;-71.58519024;-1930673.907;2833863.615;False; ; ;0; ; ; ; ; ; ;
TRACK;3.- VIGEN DE CHAPI + CIUDAD MUNICIPAL IX;-16.31539182;-71.58505579;-1930651.46;2833881.524;False; ; ;0; ; ; ; ; ; ;
TRACK;3.- VIGEN DE CHAPI + CIUDAD MUNICIPAL IX;-16.31527515;-71.58517978;-1930636.207;2833868.973;False; ; ;0; ; ; ; ; ; ;
TRACK;3.- VIGEN DE CHAPI + CIUDAD MUNICIPAL IX;-16.3153293;-71.58542639;-1930639.483;2833840.302;False; ; ;0; ; ; ; ; ; ;
TRACK;3.- VIGEN DE CHAPI + CIUDAD MUNICIPAL IX;-16.31519053;-71.58561493;-1930620.827;2833820.716;False; ; ;0; ; ; ; ; ; ;
TRACK;3.- VIGEN DE CHAPI + CIUDAD MUNICIPAL IX;-16.31477737;-71.58534241;-1930575.712;2833856.974;False; ; ;0; ; ; ; ; ; ;
TRACK;3.- VIGEN DE CHAPI + CIUDAD MUNICIPAL IX;-16.31469065;-71.58542645;-1930564.476;2833848.565;False; ; ;0; ; ; ; ; ; ;
TRACK;3.- VIGEN DE CHAPI + CIUDAD MUNICIPAL IX;-16.31451667;-71.58528089;-1930545.864;2833867.327;False; ; ;0; ; ; ; ; ; ;
TRACK;3.- VIGEN DE CHAPI + CIUDAD MUNICIPAL IX;-16.31442359;-71.58530119;-1930534.678;2833866.23;False; ; ;0; ; ; ; ; ; ;
TRACK;3.- VIGEN DE CHAPI + CIUDAD MUNICIPAL IX;-16.31427494;-71.58515952;-1930518.992;2833884.223;False; ; ;0; ; ; ; ; ; ;
TRACK;3.- VIGEN DE CHAPI + CIUDAD MUNICIPAL IX;-16.31415211;-71.58504677;-1930505.975;2833898.601;False; ; ;0; ; ; ; ; ; ;
TRACK;3.- VIGEN DE CHAPI + CIUDAD MUNICIPAL IX;-16.31398285;-71.58494152;-1930487.413;2833912.73;False; ; ;0; ; ; ; ; ; ;
TRACK;3.- VIGEN DE CHAPI + CIUDAD MUNICIPAL IX;-16.31387067;-71.58483972;-1930475.511;2833925.728;False; ; ;0; ; ; ; ; ; ;
TRACK;3.- VIGEN DE CHAPI + CIUDAD MUNICIPAL IX;-16.31381828;-71.58467847;-1930471.374;2833944.695;False; ; ;0; ; ; ; ; ; ;
TRACK;3.- VIGEN DE CHAPI + CIUDAD MUNICIPAL IX;-16.31375753;-71.58455;-1930465.847;2833960.052;False; ; ;0; ; ; ; ; ; ;
TRACK;3.- VIGEN DE CHAPI + CIUDAD MUNICIPAL IX;-16.31359679;-71.58451374;-1930447.422;2833966.247;False; ; ;0; ; ; ; ; ; ;
TRACK;3.- VIGEN DE CHAPI + CIUDAD MUNICIPAL IX;-16.31353498;-71.58486407;-1930435.781;2833927.313;False; ; ;0; ; ; ; ; ; ;
TRACK;3.- VIGEN DE CHAPI + CIUDAD MUNICIPAL IX;-16.3134373;-71.58538746;-1930417.765;2833869.218;False; ; ;0; ; ; ; ; ; ;
TRACK;3.- VIGEN DE CHAPI + CIUDAD MUNICIPAL IX;-16.31331008;-71.58669335;-1930386.495;2833722.757;False; ; ;0; ; ; ; ; ; ;
TRACK;3.- VIGEN DE CHAPI + CIUDAD MUNICIPAL IX;-16.31321409;-71.58766409;-1930363.083;2833613.903;False; ; ;0; ; ; ; ; ; ;
TRACK;3.- VIGEN DE CHAPI + CIUDAD MUNICIPAL IX;-16.31661729;-71.58764977;-1930762.944;2833571.462;False; ; ;0; ; ; ; ; ; ;
TRACK;4.- CIUDAD MUNICIPAL VII + CIUDAD MUNICIPAL VI; ; ;-1.516416327;20763369.87; ; ; ; ; ; ; ; ; ; ;
TRACK;4.- CIUDAD MUNICIPAL VII + CIUDAD MUNICIPAL VI;-16.319856;-71.5877267;-1931142.344;2833520.794;False; ; ;0; ; ; ; ; ; ;
TRACK;4.- CIUDAD MUNICIPAL VII + CIUDAD MUNICIPAL VI;-16.31665903;-71.58773676;-1930766.758;2833561.056;False; ; ;0; ; ; ; ; ; ;
TRACK;4.- CIUDAD MUNICIPAL VII + CIUDAD MUNICIPAL VI;-16.31667864;-71.58906205;-1930752.489;2833410.498;False; ; ;0; ; ; ; ; ; ;
TRACK;4.- CIUDAD MUNICIPAL VII + CIUDAD MUNICIPAL VI;-16.31707428;-71.58908161;-1930798.709;2833403.158;False; ; ;0; ; ; ; ; ; ;
TRACK;4.- CIUDAD MUNICIPAL VII + CIUDAD MUNICIPAL VI;-16.3171268;-71.59041481;-1930788.207;2833251.279;False; ; ;0; ; ; ; ; ; ;
TRACK;4.- CIUDAD MUNICIPAL VII + CIUDAD MUNICIPAL VI;-16.31713638;-71.59155249;-1930775.107;2833122.131;False; ; ;0; ; ; ; ; ; ;
TRACK;4.- CIUDAD MUNICIPAL VII + CIUDAD MUNICIPAL VI;-16.3198837;-71.59151485;-1931098.223;2833090.827;False; ; ;0; ; ; ; ; ; ;
TRACK;5.- CIUDAD MUNICIPAL VII + CIUDAD MUNICIPAL IXI; ; ;-1.516416327;20763369.87; ; ; ; ; ; ; ; ; ; ;
TRACK;5.- CIUDAD MUNICIPAL VII + CIUDAD MUNICIPAL IXI;-16.3212678;-71.58631628;-1931325.79;2833662.462;False; ; ;0; ; ; ; ; ; ;
TRACK;5.- CIUDAD MUNICIPAL VII + CIUDAD MUNICIPAL IXI;-16.32119804;-71.58629008;-1931317.926;2833666.337;False; ; ;0; ; ; ; ; ; ;
TRACK;5.- CIUDAD MUNICIPAL VII + CIUDAD MUNICIPAL IXI;-16.32117897;-71.58585756;-1931321.097;2833715.636;False; ; ;0; ; ; ; ; ; ;
TRACK;5.- CIUDAD MUNICIPAL VII + CIUDAD MUNICIPAL IXI;-16.32006288;-71.58591567;-1931189.293;2833723.503;False; ; ;0; ; ; ; ; ; ;
TRACK;5.- CIUDAD MUNICIPAL VII + CIUDAD MUNICIPAL IXI;-16.31979198;-71.58610045;-1931155.166;2833706.056;False; ; ;0; ; ; ; ; ; ;
TRACK;5.- CIUDAD MUNICIPAL VII + CIUDAD MUNICIPAL IXI;-16.3191455;-71.58613622;-1931078.794;2833710.374;False; ; ;0; ; ; ; ; ; ;
TRACK;5.- CIUDAD MUNICIPAL VII + CIUDAD MUNICIPAL IXI;-16.31870809;-71.58613607;-1931027.424;2833716.056;False; ; ;0; ; ; ; ; ; ;
TRACK;5.- CIUDAD MUNICIPAL VII + CIUDAD MUNICIPAL IXI;-16.3166466;-71.58619504;-1930784.579;2833736.067;False; ; ;0; ; ; ; ; ; ;
TRACK;5.- CIUDAD MUNICIPAL VII + CIUDAD MUNICIPAL IXI;-16.3166701;-71.58765662;-1930769.061;2833570.002;False; ; ;0; ; ; ; ; ; ;
TRACK;5.- CIUDAD MUNICIPAL VII + CIUDAD MUNICIPAL IXI;-16.31712575;-71.58761696;-1930823.07;2833568.598;False; ; ;0; ; ; ; ; ; ;
TRACK;5.- CIUDAD MUNICIPAL VII + CIUDAD MUNICIPAL IXI;-16.32125684;-71.58762392;-1931308.147;2833514.305;False; ; ;0; ; ; ; ; ; ;
TRACK;6.- PARTE BAJA CIUDAD MUNICIPAL VII + CIUDAD MUNICIPAL VI; ; ;-1.516416327;20763369.87; ; ; ; ; ; ; ; ; ; ;
TRACK;6.- PARTE BAJA CIUDAD MUNICIPAL VII + CIUDAD MUNICIPAL VI;-16.32129403;-71.59148193;-1931264.263;2833076.297;False; ; ;0; ; ; ; ; ; ;
TRACK;6.- PARTE BAJA CIUDAD MUNICIPAL VII + CIUDAD MUNICIPAL VI;-16.32127705;-71.5877166;-1931309.362;2833503.533;False; ; ;0; ; ; ; ; ; ;
TRACK;6.- PARTE BAJA CIUDAD MUNICIPAL VII + CIUDAD MUNICIPAL VI;-16.31996822;-71.5877042;-1931155.805;2833521.892;False; ; ;0; ; ; ; ; ; ;
TRACK;6.- PARTE BAJA CIUDAD MUNICIPAL VII + CIUDAD MUNICIPAL VI;-16.31993676;-71.58903021;-1931135.525;2833371.918;False; ; ;0; ; ; ; ; ; ;
TRACK;6.- PARTE BAJA CIUDAD MUNICIPAL VII + CIUDAD MUNICIPAL VI;-16.31995788;-71.59153909;-1931106.632;2833087.117;False; ; ;0; ; ; ; ; ; ;
TRACK;7.- CIUDAD MUNICIPAL V + CIUDAD MUNICIPAL IV; ; ;-1.516416327;20763369.87; ; ; ; ; ; ; ; ; ; ;
TRACK;7.- CIUDAD MUNICIPAL V + CIUDAD MUNICIPAL IV;-16.32625327;-71.58970906;-1931868.849;2833213.114;False; ; ;0; ; ; ; ; ; ;
TRACK;7.- CIUDAD MUNICIPAL V + CIUDAD MUNICIPAL IV;-16.32537561;-71.58966464;-1931766.333;2833229.521;False; ; ;0; ; ; ; ; ; ;
TRACK;7.- CIUDAD MUNICIPAL V + CIUDAD MUNICIPAL IV;-16.32533895;-71.58951001;-1931763.961;2833247.531;False; ; ;0; ; ; ; ; ; ;
TRACK;7.- CIUDAD MUNICIPAL V + CIUDAD MUNICIPAL IV;-16.32435737;-71.58948069;-1931649.051;2833263.572;False; ; ;0; ; ; ; ; ; ;
TRACK;7.- CIUDAD MUNICIPAL V + CIUDAD MUNICIPAL IV;-16.32432919;-71.58955697;-1931644.787;2833255.286;False; ; ;0; ; ; ; ; ; ;
TRACK;7.- CIUDAD MUNICIPAL V + CIUDAD MUNICIPAL IV;-16.32332725;-71.58952461;-1931527.525;2833271.936;False; ; ;0; ; ; ; ; ; ;
TRACK;7.- CIUDAD MUNICIPAL V + CIUDAD MUNICIPAL IV;-16.32289954;-71.58951942;-1931477.359;2833278.064;False; ; ;0; ; ; ; ; ; ;
TRACK;7.- CIUDAD MUNICIPAL V + CIUDAD MUNICIPAL IV;-16.32286464;-71.58933062;-1931475.622;2833299.927;False; ; ;0; ; ; ; ; ; ;
TRACK;7.- CIUDAD MUNICIPAL V + CIUDAD MUNICIPAL IV;-16.32244356;-71.58929658;-1931426.595;2833309.241;False; ; ;0; ; ; ; ; ; ;
TRACK;7.- CIUDAD MUNICIPAL V + CIUDAD MUNICIPAL IV;-16.32244155;-71.58918047;-1931427.812;2833322.436;False; ; ;0; ; ; ; ; ; ;
TRACK;7.- CIUDAD MUNICIPAL V + CIUDAD MUNICIPAL IV;-16.32147901;-71.5891724;-1931314.871;2833335.818;False; ; ;0; ; ; ; ; ; ;
TRACK;7.- CIUDAD MUNICIPAL V + CIUDAD MUNICIPAL IV;-16.32150737;-71.59149676;-1931289.133;2833071.852;False; ; ;0; ; ; ; ; ; ;
TRACK;7.- CIUDAD MUNICIPAL V + CIUDAD MUNICIPAL IV;-16.32625327;-71.59145317;-1931847.031;2833015.326;False; ; ;0; ; ; ; ; ; ;
TRACK;8.- VICTOR RAUL HAYA DE LA TORRE; ; ;-1.516416327;20763369.87; ; ; ; ; ; ; ; ; ; ;
TRACK;8.- VICTOR RAUL HAYA DE LA TORRE;-16.32613545;-71.58765261;-1931880.74;2833447.851;False; ; ;0; ; ; ; ; ; ;
TRACK;8.- VICTOR RAUL HAYA DE LA TORRE;-16.3259462;-71.58763721;-1931858.706;2833452.049;False; ; ;0; ; ; ; ; ; ;
TRACK;8.- VICTOR RAUL HAYA DE LA TORRE;-16.32171646;-71.5877036;-1931361.129;2833499.316;False; ; ;0; ; ; ; ; ; ;
TRACK;8.- VICTOR RAUL HAYA DE LA TORRE;-16.32173938;-71.58908818;-1931346.502;2833341.996;False; ; ;0; ; ; ; ; ; ;
TRACK;8.- VICTOR RAUL HAYA DE LA TORRE;-16.32283129;-71.58906324;-1931475.049;2833330.682;False; ; ;0; ; ; ; ; ; ;
TRACK;8.- VICTOR RAUL HAYA DE LA TORRE;-16.32287975;-71.58925877;-1931478.295;2833307.88;False; ; ;0; ; ; ; ; ; ;
TRACK;8.- VICTOR RAUL HAYA DE LA TORRE;-16.32420729;-71.589355;-1931632.998;2833279.77;False; ; ;0; ; ; ; ; ; ;
TRACK;8.- VICTOR RAUL HAYA DE LA TORRE;-16.3242622;-71.58907942;-1931642.894;2833310.312;False; ; ;0; ; ; ; ; ; ;
TRACK;8.- VICTOR RAUL HAYA DE LA TORRE;-16.32494714;-71.5890716;-1931723.432;2833302.325;False; ; ;0; ; ; ; ; ; ;
TRACK;8.- VICTOR RAUL HAYA DE LA TORRE;-16.32498502;-71.58935456;-1931724.34;2833269.745;False; ; ;0; ; ; ; ; ; ;
TRACK;8.- VICTOR RAUL HAYA DE LA TORRE;-16.32620356;-71.58952205;-1931865.35;2833234.965;False; ; ;0; ; ; ; ; ; ;
TRACK;9.- CIUDAD MUNICIPAL VII; ; ;-1.516416327;20763369.87; ; ; ; ; ; ; ; ; ; ;
TRACK;9.- CIUDAD MUNICIPAL VII;-16.32613664;-71.58631664;-1931897.594;2833599.342;False; ; ;0; ; ; ; ; ; ;
TRACK;9.- CIUDAD MUNICIPAL VII;-16.32271771;-71.58586492;-1931501.718;2833694.867;False; ; ;0; ; ; ; ; ; ;
TRACK;9.- CIUDAD MUNICIPAL VII;-16.321477;-71.58596325;-1931354.776;2833699.789;False; ; ;0; ; ; ; ; ; ;
TRACK;9.- CIUDAD MUNICIPAL VII;-16.32150581;-71.58763234;-1931337.281;2833510.126;False; ; ;0; ; ; ; ; ; ;
TRACK;9.- CIUDAD MUNICIPAL VII;-16.32613257;-71.58754327;-1931881.769;2833460.287;False; ; ;0; ; ; ; ; ; ;
TRACK;10.- CIUDAD MUNICIPAL IV + ASOC MARIANO SANTOS + ASOC SAN PEDRO  SAN PABLO; ; ;-1.516416327;20763369.87; ; ; ; ; ; ; ; ; ; ;
TRACK;10.- CIUDAD MUNICIPAL IV + ASOC MARIANO SANTOS + ASOC SAN PEDRO  SAN PABLO;-16.3311204;-71.58799617;-1932461.876;2833344.293;False; ; ;0; ; ; ; ; ; ;
TRACK;10.- CIUDAD MUNICIPAL IV + ASOC MARIANO SANTOS + ASOC SAN PEDRO  SAN PABLO;-16.32974966;-71.58733959;-1932309.113;2833436.514;False; ; ;0; ; ; ; ; ; ;
TRACK;10.- CIUDAD MUNICIPAL IV + ASOC MARIANO SANTOS + ASOC SAN PEDRO  SAN PABLO;-16.32810489;-71.58728086;-1932116.684;2833464.49;False; ; ;0; ; ; ; ; ; ;
TRACK;10.- CIUDAD MUNICIPAL IV + ASOC MARIANO SANTOS + ASOC SAN PEDRO  SAN PABLO;-16.32643946;-71.58667079;-1931928.727;2833555.254;False; ; ;0; ; ; ; ; ; ;
TRACK;10.- CIUDAD MUNICIPAL IV + ASOC MARIANO SANTOS + ASOC SAN PEDRO  SAN PABLO;-16.32638939;-71.58934211;-1931889.425;2833252.964;False; ; ;0; ; ; ; ; ; ;
TRACK;10.- CIUDAD MUNICIPAL IV + ASOC MARIANO SANTOS + ASOC SAN PEDRO  SAN PABLO;-16.32648919;-71.591256;-1931877.203;2833034.63;False; ; ;0; ; ; ; ; ; ;
TRACK;10.- CIUDAD MUNICIPAL IV + ASOC MARIANO SANTOS + ASOC SAN PEDRO  SAN PABLO;-16.32816046;-71.59229382;-1932060.492;2832895.289;False; ; ;0; ; ; ; ; ; ;
TRACK;11.- TRANSOCEANICA + CENTRO DE VIVIENDA LAS CANTERAS; ; ;-1.516416327;20763369.87; ; ; ; ; ; ; ; ; ; ;
TRACK;11.- TRANSOCEANICA + CENTRO DE VIVIENDA LAS CANTERAS;-16.33643024;-71.58924258;-1933069.86;2833134.127;False; ; ;0; ; ; ; ; ; ;
TRACK;11.- TRANSOCEANICA + CENTRO DE VIVIENDA LAS CANTERAS;-16.33455998;-71.58998581;-1932840.917;2833074.09;False; ; ;0; ; ; ; ; ; ;
TRACK;11.- TRANSOCEANICA + CENTRO DE VIVIENDA LAS CANTERAS;-16.33433029;-71.58941322;-1932821.109;2833141.997;False; ; ;0; ; ; ; ; ; ;
TRACK;11.- TRANSOCEANICA + CENTRO DE VIVIENDA LAS CANTERAS;-16.3326948;-71.58855116;-1932639.827;2833260.952;False; ; ;0; ; ; ; ; ; ;
TRACK;11.- TRANSOCEANICA + CENTRO DE VIVIENDA LAS CANTERAS;-16.33238025;-71.58846946;-1932603.91;2833274.293;False; ; ;0; ; ; ; ; ; ;
TRACK;11.- TRANSOCEANICA + CENTRO DE VIVIENDA LAS CANTERAS;-16.33205411;-71.58842769;-1932566.131;2833283.257;False; ; ;0; ; ; ; ; ; ;
TRACK;11.- TRANSOCEANICA + CENTRO DE VIVIENDA LAS CANTERAS;-16.33175453;-71.58835652;-1932531.839;2833295.21;False; ; ;0; ; ; ; ; ; ;
TRACK;11.- TRANSOCEANICA + CENTRO DE VIVIENDA LAS CANTERAS;-16.33131988;-71.58815903;-1932483.264;2833323.238;False; ; ;0; ; ; ; ; ; ;
TRACK;11.- TRANSOCEANICA + CENTRO DE VIVIENDA LAS CANTERAS;-16.33095184;-71.58856894;-1932434.913;2833281.525;False; ; ;0; ; ; ; ; ; ;
TRACK;11.- TRANSOCEANICA + CENTRO DE VIVIENDA LAS CANTERAS;-16.33109696;-71.58865254;-1932450.909;2833270.164;False; ; ;0; ; ; ; ; ; ;
TRACK;11.- TRANSOCEANICA + CENTRO DE VIVIENDA LAS CANTERAS;-16.32934337;-71.59078549;-1932218.281;2833051.009;False; ; ;0; ; ; ; ; ; ;
TRACK;11.- TRANSOCEANICA + CENTRO DE VIVIENDA LAS CANTERAS;-16.328269;-71.59262797;-1932069.059;2832855.99;False; ; ;0; ; ; ; ; ; ;
TRACK;11.- TRANSOCEANICA + CENTRO DE VIVIENDA LAS CANTERAS;-16.32758484;-71.5939262;-1931972.474;2832717.633;False; ; ;0; ; ; ; ; ; ;
TRACK;11.- TRANSOCEANICA + CENTRO DE VIVIENDA LAS CANTERAS;-16.32766688;-71.59419123;-1931978.793;2832686.516;False; ; ;0; ; ; ; ; ; ;
TRACK;11.- TRANSOCEANICA + CENTRO DE VIVIENDA LAS CANTERAS;-16.32785916;-71.59437821;-1931999.036;2832662.822;False; ; ;0; ; ; ; ; ; ;
TRACK;11.- TRANSOCEANICA + CENTRO DE VIVIENDA LAS CANTERAS;-16.33700175;-71.5907963;-1933117.529;2832950.533;False; ; ;0; ; ; ; ; ; ;
TRACK;12.- URB NUEVA AREQUIPA + VILLA SANJUAN ZONA B + VILLA SANTA ROSA; ; ;-1.516416327;20763369.87; ; ; ; ; ; ; ; ; ; ;
TRACK;12.- URB NUEVA AREQUIPA + VILLA SANJUAN ZONA B + VILLA SANTA ROSA;-16.33878647;-71.58975549;-1933340.151;2833045.419;False; ; ;0; ; ; ; ; ; ;
TRACK;12.- URB NUEVA AREQUIPA + VILLA SANJUAN ZONA B + VILLA SANTA ROSA;-16.33834334;-71.5884905;-1933303.946;2833194.607;False; ; ;0; ; ; ; ; ; ;
TRACK;12.- URB NUEVA AREQUIPA + VILLA SANJUAN ZONA B + VILLA SANTA ROSA;-16.33853879;-71.58840499;-1933327.97;2833201.77;False; ; ;0; ; ; ; ; ; ;
TRACK;12.- URB NUEVA AREQUIPA + VILLA SANJUAN ZONA B + VILLA SANTA ROSA;-16.33866048;-71.58826386;-1933344.028;2833216.195;False; ; ;0; ; ; ; ; ; ;
TRACK;12.- URB NUEVA AREQUIPA + VILLA SANJUAN ZONA B + VILLA SANTA ROSA;-16.33857964;-71.58775909;-1933340.853;2833274.482;False; ; ;0; ; ; ; ; ; ;
TRACK;12.- URB NUEVA AREQUIPA + VILLA SANJUAN ZONA B + VILLA SANTA ROSA;-16.33746162;-71.58804531;-1933205.972;2833256.522;False; ; ;0; ; ; ; ; ; ;
TRACK;12.- URB NUEVA AREQUIPA + VILLA SANJUAN ZONA B + VILLA SANTA ROSA;-16.33639782;-71.58826266;-1933078.319;2833245.667;False; ; ;0; ; ; ; ; ; ;
TRACK;12.- URB NUEVA AREQUIPA + VILLA SANJUAN ZONA B + VILLA SANTA ROSA;-16.33565023;-71.5884485;-1932988.196;2833234.284;False; ; ;0; ; ; ; ; ; ;
TRACK;12.- URB NUEVA AREQUIPA + VILLA SANJUAN ZONA B + VILLA SANTA ROSA;-16.33521747;-71.58869425;-1932934.298;2833212.026;False; ; ;0; ; ; ; ; ; ;
TRACK;12.- URB NUEVA AREQUIPA + VILLA SANJUAN ZONA B + VILLA SANTA ROSA;-16.33465949;-71.5887394;-1932868.203;2833214.14;False; ; ;0; ; ; ; ; ; ;
TRACK;12.- URB NUEVA AREQUIPA + VILLA SANJUAN ZONA B + VILLA SANTA ROSA;-16.3345035;-71.58839101;-1932854.245;2833255.669;False; ; ;0; ; ; ; ; ; ;
TRACK;12.- URB NUEVA AREQUIPA + VILLA SANJUAN ZONA B + VILLA SANTA ROSA;-16.33399204;-71.58815125;-1932797.18;2833289.486;False; ; ;0; ; ; ; ; ; ;
TRACK;12.- URB NUEVA AREQUIPA + VILLA SANJUAN ZONA B + VILLA SANTA ROSA;-16.33342109;-71.58825926;-1932728.776;2833284.639;False; ; ;0; ; ; ; ; ; ;
TRACK;12.- URB NUEVA AREQUIPA + VILLA SANJUAN ZONA B + VILLA SANTA ROSA;-16.33289064;-71.5880564;-1932669.019;2833314.519;False; ; ;0; ; ; ; ; ; ;
TRACK;12.- URB NUEVA AREQUIPA + VILLA SANJUAN ZONA B + VILLA SANTA ROSA;-16.3322452;-71.58799174;-1932594.028;2833330.217;False; ; ;0; ; ; ; ; ; ;
TRACK;12.- URB NUEVA AREQUIPA + VILLA SANJUAN ZONA B + VILLA SANTA ROSA;-16.33215504;-71.58840556;-1932578.26;2833284.458;False; ; ;0; ; ; ; ; ; ;
TRACK;12.- URB NUEVA AREQUIPA + VILLA SANJUAN ZONA B + VILLA SANTA ROSA;-16.33245346;-71.58841422;-1932613.199;2833279.608;False; ; ;0; ; ; ; ; ; ;
TRACK;12.- URB NUEVA AREQUIPA + VILLA SANJUAN ZONA B + VILLA SANTA ROSA;-16.33282343;-71.58853799;-1932655.098;2833260.778;False; ; ;0; ; ; ; ; ; ;
TRACK;12.- URB NUEVA AREQUIPA + VILLA SANJUAN ZONA B + VILLA SANTA ROSA;-16.33419595;-71.58931311;-1932806.586;2833155.09;False; ; ;0; ; ; ; ; ; ;
TRACK;12.- URB NUEVA AREQUIPA + VILLA SANJUAN ZONA B + VILLA SANTA ROSA;-16.33435198;-71.58932713;-1932824.734;2833151.478;False; ; ;0; ; ; ; ; ; ;
TRACK;12.- URB NUEVA AREQUIPA + VILLA SANJUAN ZONA B + VILLA SANTA ROSA;-16.33458892;-71.58990864;-1932845.282;2833082.464;False; ; ;0; ; ; ; ; ; ;
TRACK;12.- URB NUEVA AREQUIPA + VILLA SANJUAN ZONA B + VILLA SANTA ROSA;-16.33644491;-71.58916687;-1933072.531;2833142.521;False; ; ;0; ; ; ; ; ; ;
TRACK;12.- URB NUEVA AREQUIPA + VILLA SANJUAN ZONA B + VILLA SANTA ROSA;-16.3370389;-71.5907644;-1933122.292;2832953.669;False; ; ;0; ; ; ; ; ; ;
TRACK;12.- URB NUEVA AREQUIPA + VILLA SANJUAN ZONA B + VILLA SANTA ROSA;-16.33878233;-71.59009672;-1933335.393;2833006.779;False; ; ;0; ; ; ; ; ; ;
TRACK;13.- VILLA AVIACION + ZONA INDUSTRIAL PERU ARBO; ; ;-1.516416327;20763369.87; ; ; ; ; ; ; ; ; ; ;
TRACK;13.- VILLA AVIACION + ZONA INDUSTRIAL PERU ARBO;-16.34061174;-71.58883711;-1933566.003;2833125.892;False; ; ;0; ; ; ; ; ; ;
TRACK;13.- VILLA AVIACION + ZONA INDUSTRIAL PERU ARBO;-16.34046819;-71.58849959;-1933553.371;2833166.026;False; ; ;0; ; ; ; ; ; ;
TRACK;13.- VILLA AVIACION + ZONA INDUSTRIAL PERU ARBO;-16.33925193;-71.58990148;-1933392.985;2833022.829;False; ; ;0; ; ; ; ; ; ;
TRACK;13.- VILLA AVIACION + ZONA INDUSTRIAL PERU ARBO;-16.33749357;-71.59098016;-1933172.986;2832923.309;False; ; ;0; ; ; ; ; ; ;
TRACK;13.- VILLA AVIACION + ZONA INDUSTRIAL PERU ARBO;-16.33431548;-71.59206758;-1932786.152;2832841.192;False; ; ;0; ; ; ; ; ; ;
TRACK;13.- VILLA AVIACION + ZONA INDUSTRIAL PERU ARBO;-16.32725102;-71.59494883;-1931920.481;2832605.991;False; ; ;0; ; ; ; ; ; ;
TRACK;13.- VILLA AVIACION + ZONA INDUSTRIAL PERU ARBO;-16.32800241;-71.59640525;-1931990.506;2832431.102;False; ; ;0; ; ; ; ; ; ;
TRACK;13.- VILLA AVIACION + ZONA INDUSTRIAL PERU ARBO;-16.33185858;-71.59447829;-1932467.46;2832599.663;False; ; ;0; ; ; ; ; ; ;
TRACK;13.- VILLA AVIACION + ZONA INDUSTRIAL PERU ARBO;-16.33932709;-71.59033641;-1933396.368;2832972.537;False; ; ;0; ; ; ; ; ; ;
TRACK;14.- JORGE BASADRE +  ASOC GUARDIA REPUBLICANA PARTE ARRIBA; ; ;-1.516416327;20763369.87; ; ; ; ; ; ; ; ; ; ;
TRACK;14.- JORGE BASADRE +  ASOC GUARDIA REPUBLICANA PARTE ARRIBA;-16.31619274;-71.59396254;-1930634.159;2832861.025;False; ; ;0; ; ; ; ; ; ;
TRACK;14.- JORGE BASADRE +  ASOC GUARDIA REPUBLICANA PARTE ARRIBA;-16.31668093;-71.5941692;-1930688.908;2832831.269;False; ; ;0; ; ; ; ; ; ;
TRACK;14.- JORGE BASADRE +  ASOC GUARDIA REPUBLICANA PARTE ARRIBA;-16.31708527;-71.5942288;-1930735.647;2832819.277;False; ; ;0; ; ; ; ; ; ;
TRACK;14.- JORGE BASADRE +  ASOC GUARDIA REPUBLICANA PARTE ARRIBA;-16.31705814;-71.59044128;-1930779.813;2833249.166;False; ; ;0; ; ; ; ; ; ;
TRACK;14.- JORGE BASADRE +  ASOC GUARDIA REPUBLICANA PARTE ARRIBA;-16.31658607;-71.59045067;-1930724.255;2833254.213;False; ; ;0; ; ; ; ; ; ;
TRACK;14.- JORGE BASADRE +  ASOC GUARDIA REPUBLICANA PARTE ARRIBA;-16.31574593;-71.59046218;-1930625.445;2833263.785;False; ; ;0; ; ; ; ; ; ;
TRACK;14.- JORGE BASADRE +  ASOC GUARDIA REPUBLICANA PARTE ARRIBA;-16.31569276;-71.59095225;-1930613.073;2833208.894;False; ; ;0; ; ; ; ; ; ;
TRACK;14.- JORGE BASADRE +  ASOC GUARDIA REPUBLICANA PARTE ARRIBA;-16.31518013;-71.59089074;-1930553.639;2833222.506;False; ; ;0; ; ; ; ; ; ;
TRACK;14.- JORGE BASADRE +  ASOC GUARDIA REPUBLICANA PARTE ARRIBA;-16.31519993;-71.59174795;-1930545.247;2833125.033;False; ; ;0; ; ; ; ; ; ;
TRACK;14.- JORGE BASADRE +  ASOC GUARDIA REPUBLICANA PARTE ARRIBA;-16.31505051;-71.59274074;-1930515.29;2833014.375;False; ; ;0; ; ; ; ; ; ;
TRACK;14.- JORGE BASADRE +  ASOC GUARDIA REPUBLICANA PARTE ARRIBA;-16.31566732;-71.59260618;-1930589.408;2833021.65;False; ; ;0; ; ; ; ; ; ;
TRACK;14.- JORGE BASADRE +  ASOC GUARDIA REPUBLICANA PARTE ARRIBA;-16.31568427;-71.59423348;-1930571.057;2832836.881;False; ; ;0; ; ; ; ; ; ;
TRACK;14.- JORGE BASADRE +  ASOC GUARDIA REPUBLICANA PARTE ARRIBA;-16.31586622;-71.59431062;-1930591.461;2832825.778;False; ; ;0; ; ; ; ; ; ;
TRACK;15.- ASOC GUARDIA REPUBLICANA + CIUDAD MUNICIPAL III; ; ;-1.516416327;20763369.87; ; ; ; ; ; ; ; ; ; ;
TRACK;15.- ASOC GUARDIA REPUBLICANA + CIUDAD MUNICIPAL III;-16.32127373;-71.59173124;-1931258.761;2833048.286;False; ; ;0; ; ; ; ; ; ;
TRACK;15.- ASOC GUARDIA REPUBLICANA + CIUDAD MUNICIPAL III;-16.31713326;-71.59172871;-1930772.538;2833102.186;False; ; ;0; ; ; ; ; ; ;
TRACK;15.- ASOC GUARDIA REPUBLICANA + CIUDAD MUNICIPAL III;-16.31716523;-71.5941457;-1930746.076;2832827.665;False; ; ;0; ; ; ; ; ; ;
TRACK;15.- ASOC GUARDIA REPUBLICANA + CIUDAD MUNICIPAL III;-16.31837987;-71.59422177;-1930887.77;2832803.314;False; ; ;0; ; ; ; ; ; ;
TRACK;15.- ASOC GUARDIA REPUBLICANA + CIUDAD MUNICIPAL III;-16.32133642;-71.59419667;-1931235.295;2832767.882;False; ; ;0; ; ; ; ; ; ;
TRACK;16.- CIUDAD MUNICIPAL II; ; ;-1.516416327;20763369.87; ; ; ; ; ; ; ; ; ; ;
TRACK;16.- CIUDAD MUNICIPAL II;-16.32415146;-71.59167223;-1931597.457;2833017.708;False; ; ;0; ; ; ; ; ; ;
TRACK;16.- CIUDAD MUNICIPAL II;-16.32153467;-71.59166624;-1931290.219;2833052.279;False; ; ;0; ; ; ; ; ; ;
TRACK;16.- CIUDAD MUNICIPAL II;-16.32153856;-71.59417114;-1931259.353;2832768.16;False; ; ;0; ; ; ; ; ; ;
TRACK;16.- CIUDAD MUNICIPAL II;-16.32156013;-71.59579391;-1931241.597;2832583.853;False; ; ;0; ; ; ; ; ; ;
TRACK;16.- CIUDAD MUNICIPAL II;-16.32266363;-71.59625645;-1931365.404;2832517.112;False; ; ;0; ; ; ; ; ; ;
TRACK;16.- CIUDAD MUNICIPAL II;-16.32294433;-71.5959525;-1931402.17;2832547.946;False; ; ;0; ; ; ; ; ; ;
TRACK;16.- CIUDAD MUNICIPAL II;-16.32284619;-71.59573804;-1931393.325;2832573.537;False; ; ;0; ; ; ; ; ; ;
TRACK;16.- CIUDAD MUNICIPAL II;-16.32347469;-71.59532804;-1931472.261;2832611.894;False; ; ;0; ; ; ; ; ; ;
TRACK;16.- CIUDAD MUNICIPAL II;-16.32369149;-71.59526107;-1931498.558;2832616.68;False; ; ;0; ; ; ; ; ; ;
TRACK;16.- CIUDAD MUNICIPAL II;-16.32378189;-71.5954127;-1931507.278;2832598.315;False; ; ;0; ; ; ; ; ; ;
TRACK;16.- CIUDAD MUNICIPAL II;-16.32435237;-71.59503628;-1931578.981;2832633.614;False; ; ;0; ; ; ; ; ; ;
TRACK;17.- CIUDAD MUNICIPAL I; ; ;-1.516416327;20763369.87; ; ; ; ; ; ; ; ; ; ;
TRACK;17.- CIUDAD MUNICIPAL I;-16.3266467;-71.59167246;-1931890.492;2832985.362;False; ; ;0; ; ; ; ; ; ;
TRACK;17.- CIUDAD MUNICIPAL I;-16.32426589;-71.5916165;-1931611.593;2833022.546;False; ; ;0; ; ; ; ; ; ;
TRACK;17.- CIUDAD MUNICIPAL I;-16.32454887;-71.59499397;-1931602.586;2832635.868;False; ; ;0; ; ; ; ; ; ;
TRACK;17.- CIUDAD MUNICIPAL I;-16.32378036;-71.59547583;-1931506.31;2832591.176;False; ; ;0; ; ; ; ; ; ;
TRACK;17.- CIUDAD MUNICIPAL I;-16.32429316;-71.59627396;-1931556.55;2832494.027;False; ; ;0; ; ; ; ; ; ;
TRACK;17.- CIUDAD MUNICIPAL I;-16.326411;-71.59517749;-1931818.973;2832590.941;False; ; ;0; ; ; ; ; ; ;
TRACK;17.- CIUDAD MUNICIPAL I;-16.32796342;-71.59261417;-1932033.345;2832861.513;False; ; ;0; ; ; ; ; ; ;
TRACK;18.- VILLA CONO NORTE; ; ;-1.516416327;20763369.87; ; ; ; ; ; ; ; ; ; ;
TRACK;18.- VILLA CONO NORTE;-16.32080966;-71.59574403;-1931154.088;2832599.225;False; ; ;0; ; ; ; ; ; ;
TRACK;18.- VILLA CONO NORTE;-16.32133518;-71.59576575;-1931215.531;2832589.958;False; ; ;0; ; ; ; ; ; ;
TRACK;18.- VILLA CONO NORTE;-16.32130167;-71.59428052;-1931230.166;2832758.823;False; ; ;0; ; ; ; ; ; ;
TRACK;18.- VILLA CONO NORTE;-16.32127924;-71.59426962;-1931227.667;2832760.349;False; ; ;0; ; ; ; ; ; ;
TRACK;18.- VILLA CONO NORTE;-16.31819836;-71.59424927;-1930866.11;2832802.546;False; ; ;0; ; ; ; ; ; ;
TRACK;18.- VILLA CONO NORTE;-16.31816206;-71.59433583;-1930860.765;2832793.199;False; ; ;0; ; ; ; ; ; ;
TRACK;18.- VILLA CONO NORTE;-16.31784725;-71.5942262;-1930825.165;2832809.708;False; ; ;0; ; ; ; ; ; ;
TRACK;18.- VILLA CONO NORTE;-16.31718262;-71.59418242;-1930747.66;2832823.276;False; ; ;0; ; ; ; ; ; ;
TRACK;18.- VILLA CONO NORTE;-16.3171248;-71.59442255;-1930737.868;2832796.792;False; ; ;0; ; ; ; ; ; ;
TRACK;18.- VILLA CONO NORTE;-16.3162864;-71.59407639;-1930643.735;2832846.902;False; ; ;0; ; ; ; ; ; ;
TRACK;18.- VILLA CONO NORTE;-16.31615518;-71.5945397;-1930622.533;2832796.057;False; ; ;0; ; ; ; ; ; ;
TRACK;18.- VILLA CONO NORTE;-16.31530162;-71.59420655;-1930526.457;2832844.888;False; ; ;0; ; ; ; ; ; ;
TRACK;18.- VILLA CONO NORTE;-16.31472983;-71.59521802;-1930446.664;2832737.579;False; ; ;0; ; ; ; ; ; ;
TRACK;18.- VILLA CONO NORTE;-16.31775316;-71.59658178;-1930784.67;2832543.788;False; ; ;0; ; ; ; ; ; ;
TRACK;18.- VILLA CONO NORTE;-16.31905042;-71.59650176;-1930938.016;2832536.071;False; ; ;0; ; ; ; ; ; ;
TRACK;18.- VILLA CONO NORTE;-16.32043012;-71.59635196;-1931101.916;2832535.198;False; ; ;0; ; ; ; ; ; ;
TRACK;19.- GRANJEROS UNIDOS; ; ;-1.516416327;20763369.87; ; ; ; ; ; ; ; ; ; ;
TRACK;19.- GRANJEROS UNIDOS;-16.31619193;-71.5991091;-1930569.74;2832277.382;False; ; ;0; ; ; ; ; ; ;
TRACK;19.- GRANJEROS UNIDOS;-16.31897988;-71.60016919;-1930883.893;2832121.084;False; ; ;0; ; ; ; ; ; ;
TRACK;19.- GRANJEROS UNIDOS;-16.31947734;-71.60048139;-1930938.41;2832079.242;False; ; ;0; ; ; ; ; ; ;
TRACK;19.- GRANJEROS UNIDOS;-16.32105283;-71.5984083;-1931149.338;2832293.941;False; ; ;0; ; ; ; ; ; ;
TRACK;19.- GRANJEROS UNIDOS;-16.32134223;-71.59814659;-1931186.596;2832319.873;False; ; ;0; ; ; ; ; ; ;
TRACK;19.- GRANJEROS UNIDOS;-16.32335213;-71.59689687;-1931438.252;2832435.572;False; ; ;0; ; ; ; ; ; ;
TRACK;19.- GRANJEROS UNIDOS;-16.32315039;-71.5966672;-1931417.432;2832464.23;False; ; ;0; ; ; ; ; ; ;
TRACK;19.- GRANJEROS UNIDOS;-16.32233963;-71.59638298;-1931325.773;2832506.958;False; ; ;0; ; ; ; ; ; ;
TRACK;19.- GRANJEROS UNIDOS;-16.32077133;-71.59649202;-1931140.235;2832514.897;False; ; ;0; ; ; ; ; ; ;
TRACK;19.- GRANJEROS UNIDOS;-16.3194818;-71.59652407;-1930988.397;2832527.956;False; ; ;0; ; ; ; ; ; ;
TRACK;19.- GRANJEROS UNIDOS;-16.31773907;-71.59678776;-1930780.441;2832520.611;False; ; ;0; ; ; ; ; ; ;
TRACK;19.- GRANJEROS UNIDOS;-16.31748014;-71.59651981;-1930753.383;2832554.349;False; ; ;0; ; ; ; ; ; ;
TRACK;19.- GRANJEROS UNIDOS;-16.31431882;-71.59515847;-1930399.14;2832749.653;False; ; ;0; ; ; ; ; ; ;
TRACK;19.- GRANJEROS UNIDOS;-16.31441758;-71.59660119;-1930392.709;2832584.757;False; ; ;0; ; ; ; ; ; ;
TRACK;19.- GRANJEROS UNIDOS;-16.31387368;-71.5984906;-1930305.223;2832377.522;False; ; ;0; ; ; ; ; ; ;
TRACK;19.- GRANJEROS UNIDOS;-16.3160918;-71.5993593;-1930554.854;2832250.304;False; ; ;0; ; ; ; ; ; ;
TRACK;20.- VILLA EL TRIUNFO + GRANJEROS NUEVA VIDA; ; ;-1.516416327;20763369.87; ; ; ; ; ; ; ; ; ; ;
TRACK;20.- VILLA EL TRIUNFO + GRANJEROS NUEVA VIDA;-16.316435;-71.60135878;-1930570.172;2832019.113;False; ; ;0; ; ; ; ; ; ;
TRACK;20.- VILLA EL TRIUNFO + GRANJEROS NUEVA VIDA;-16.31694951;-71.59971794;-1930651.097;2832198.533;False; ; ;0; ; ; ; ; ; ;
TRACK;20.- VILLA EL TRIUNFO + GRANJEROS NUEVA VIDA;-16.3158091;-71.59938756;-1930521.302;2832250.757;False; ; ;0; ; ; ; ; ; ;
TRACK;20.- VILLA EL TRIUNFO + GRANJEROS NUEVA VIDA;-16.31583318;-71.59930617;-1930525.147;2832259.675;False; ; ;0; ; ; ; ; ; ;
TRACK;20.- VILLA EL TRIUNFO + GRANJEROS NUEVA VIDA;-16.3138846;-71.59859191;-1930305.24;2832365.892;False; ; ;0; ; ; ; ; ; ;
TRACK;20.- VILLA EL TRIUNFO + GRANJEROS NUEVA VIDA;-16.31288262;-71.60108054;-1930156.479;2832096.628;False; ; ;0; ; ; ; ; ; ;
TRACK;20.- VILLA EL TRIUNFO + GRANJEROS NUEVA VIDA;-16.31590441;-71.60252637;-1930493.275;2831893.57;False; ; ;0; ; ; ; ; ; ;
TRACK;21.- MONSERRAT VIRGEN DEL SOCORRO; ; ;-1.516416327;20763369.87; ; ; ; ; ; ; ; ; ; ;
TRACK;21.- MONSERRAT VIRGEN DEL SOCORRO;-16.3194511;-71.60061211;-1930933.694;2832064.757;False; ; ;0; ; ; ; ; ; ;
TRACK;21.- MONSERRAT VIRGEN DEL SOCORRO;-16.31894253;-71.60022873;-1930878.763;2832114.815;False; ; ;0; ; ; ; ; ; ;
TRACK;21.- MONSERRAT VIRGEN DEL SOCORRO;-16.31858376;-71.60005695;-1930838.778;2832138.939;False; ; ;0; ; ; ; ; ; ;
TRACK;21.- MONSERRAT VIRGEN DEL SOCORRO;-16.3179218;-71.59974739;-1930764.91;2832182.611;False; ; ;0; ; ; ; ; ; ;
TRACK;21.- MONSERRAT VIRGEN DEL SOCORRO;-16.3178552;-71.59974436;-1930757.126;2832183.817;False; ; ;0; ; ; ; ; ; ;
TRACK;21.- MONSERRAT VIRGEN DEL SOCORRO;-16.31776372;-71.59992532;-1930744.123;2832164.479;False; ; ;0; ; ; ; ; ; ;
TRACK;21.- MONSERRAT VIRGEN DEL SOCORRO;-16.31718638;-71.5997819;-1930678.115;2832188.214;False; ; ;0; ; ; ; ; ; ;
TRACK;21.- MONSERRAT VIRGEN DEL SOCORRO;-16.31653668;-71.60140196;-1930581.574;2832012.901;False; ; ;0; ; ; ; ; ; ;
TRACK;21.- MONSERRAT VIRGEN DEL SOCORRO;-16.31598719;-71.60258091;-1930502.315;2831886.314;False; ; ;0; ; ; ; ; ; ;
TRACK;21.- MONSERRAT VIRGEN DEL SOCORRO;-16.31750125;-71.60340197;-1930669.856;2831773.615;False; ; ;0; ; ; ; ; ; ;
TRACK;22.- LA ALBORADA APIMA + HEROES DE LA BREŃA; ; ;-1.516416327;20763369.87; ; ; ; ; ; ; ; ; ; ;
TRACK;22.- LA ALBORADA APIMA + HEROES DE LA BREŃA;-16.32089574;-71.6052816;-1931044.989;2831516.544;False; ; ;0; ; ; ; ; ; ;
TRACK;22.- LA ALBORADA APIMA + HEROES DE LA BREŃA;-16.32225681;-71.60268583;-1931237.26;2831793.285;False; ; ;0; ; ; ; ; ; ;
TRACK;22.- LA ALBORADA APIMA + HEROES DE LA BREŃA;-16.32253544;-71.60185433;-1931280.372;2831883.97;False; ; ;0; ; ; ; ; ; ;
TRACK;22.- LA ALBORADA APIMA + HEROES DE LA BREŃA;-16.32239191;-71.60178764;-1931264.351;2831893.39;False; ; ;0; ; ; ; ; ; ;
TRACK;22.- LA ALBORADA APIMA + HEROES DE LA BREŃA;-16.32357496;-71.59901162;-1931437.981;2832192.874;False; ; ;0; ; ; ; ; ; ;
TRACK;22.- LA ALBORADA APIMA + HEROES DE LA BREŃA;-16.32414251;-71.59858421;-1931509.974;2832233.994;False; ; ;0; ; ; ; ; ; ;
TRACK;22.- LA ALBORADA APIMA + HEROES DE LA BREŃA;-16.32308292;-71.59741226;-1931400.193;2832380.612;False; ; ;0; ; ; ; ; ; ;
TRACK;22.- LA ALBORADA APIMA + HEROES DE LA BREŃA;-16.32176125;-71.59815524;-1931235.694;2832313.469;False; ; ;0; ; ; ; ; ; ;
TRACK;22.- LA ALBORADA APIMA + HEROES DE LA BREŃA;-16.32115983;-71.59871353;-1931158.088;2832257.943;False; ; ;0; ; ; ; ; ; ;
TRACK;22.- LA ALBORADA APIMA + HEROES DE LA BREŃA;-16.31988082;-71.60048117;-1930985.795;2832074.045;False; ; ;0; ; ; ; ; ; ;
TRACK;22.- LA ALBORADA APIMA + HEROES DE LA BREŃA;-16.31766114;-71.60345518;-1930687.967;2831765.512;False; ; ;0; ; ; ; ; ; ;
TRACK;22.- LA ALBORADA APIMA + HEROES DE LA BREŃA;-16.31843269;-71.60386436;-1930773.459;2831709.128;False; ; ;0; ; ; ; ; ; ;
TRACK;22.- LA ALBORADA APIMA + HEROES DE LA BREŃA;-16.3180437;-71.6042762;-1930722.634;2831667.457;False; ; ;0; ; ; ; ; ; ;
TRACK;22.- LA ALBORADA APIMA + HEROES DE LA BREŃA;-16.31890212;-71.60511708;-1930812.934;2831560.996;False; ; ;0; ; ; ; ; ; ;
TRACK;22.- LA ALBORADA APIMA + HEROES DE LA BREŃA;-16.3203928;-71.60600356;-1930976.909;2831441.183;False; ; ;0; ; ; ; ; ; ;
TRACK;23.- EDUARDO DE LA PINIELLA; ; ;-1.516416327;20763369.87; ; ; ; ; ; ; ; ; ; ;
TRACK;23.- EDUARDO DE LA PINIELLA;-16.32717504;-71.59499036;-1931911.039;2832602.265;False; ; ;0; ; ; ; ; ; ;
TRACK;23.- EDUARDO DE LA PINIELLA;-16.323917;-71.59687134;-1931504.907;2832431.153;False; ; ;0; ; ; ; ; ; ;
TRACK;23.- EDUARDO DE LA PINIELLA;-16.32306701;-71.59731601;-1931399.529;2832391.733;False; ; ;0; ; ; ; ; ; ;
TRACK;23.- EDUARDO DE LA PINIELLA;-16.32421877;-71.59853731;-1931519.516;2832238.325;False; ; ;0; ; ; ; ; ; ;
TRACK;23.- EDUARDO DE LA PINIELLA;-16.3279769;-71.59642221;-1931987.299;2832429.51;False; ; ;0; ; ; ; ; ; ;
TRACK;22.- PARTE BAJA  VILLA LAS CANTERAS ZONA B;-16.3350597;-71.58060961;-1933016.984;2834130.873;False; ; ;0; ; ; ; ; ; ;
TRACK;22.- PARTE BAJA  VILLA LAS CANTERAS ZONA B;-16.33343605;-71.58234437;-1932804.575;2833955.2;False; ; ;0; ; ; ; ; ; ;
TRACK;22.- PARTE BAJA  VILLA LAS CANTERAS ZONA B;-16.33472039;-71.58357981;-1932939.944;2833798.445;False; ; ;0; ; ; ; ; ; ;
TRACK;22.- PARTE BAJA  VILLA LAS CANTERAS ZONA B;-16.33531967;-71.58409355;-1933003.893;2833732.417;False; ; ;0; ; ; ; ; ; ;
TRACK;22.- PARTE BAJA  VILLA LAS CANTERAS ZONA B;-16.33631415;-71.58325298;-1933131.211;2833814.842;False; ; ;0; ; ; ; ; ; ;
TRACK;23.- VILLA LAS CANTERAS ZONA A; ; ;-1.516416327;20763369.87; ; ; ; ; ; ; ; ; ; ;
TRACK;23.- VILLA LAS CANTERAS ZONA A;-16.33755219;-71.58554495;-1933247.911;2833538.881;False; ; ;0; ; ; ; ; ; ;
TRACK;23.- VILLA LAS CANTERAS ZONA A;-16.337639;-71.58531848;-1933260.942;2833563.437;False; ; ;0; ; ; ; ; ; ;
TRACK;23.- VILLA LAS CANTERAS ZONA A;-16.33763264;-71.58503199;-1933263.781;2833596.007;False; ; ;0; ; ; ; ; ; ;
TRACK;23.- VILLA LAS CANTERAS ZONA A;-16.33852522;-71.58365647;-1933385.832;2833740.413;False; ; ;0; ; ; ; ; ; ;
TRACK;23.- VILLA LAS CANTERAS ZONA A;-16.33773934;-71.58224026;-1933311.271;2833911.203;False; ; ;0; ; ; ; ; ; ;
TRACK;23.- VILLA LAS CANTERAS ZONA A;-16.33543739;-71.58415919;-1933016.897;2833723.447;False; ; ;0; ; ; ; ; ; ;
TRACK;23.- VILLA LAS CANTERAS ZONA A;-16.33671143;-71.58542231;-1933150.707;2833563.69;False; ; ;0; ; ; ; ; ; ;
TRACK;24.- VILLA ESPERANZA + VILLA SANJUAN ZONA A PARTE ARRIBA; ; ;-1.516416327;20763369.87; ; ; ; ; ; ; ; ; ; ;
TRACK;24.- VILLA ESPERANZA + VILLA SANJUAN ZONA A PARTE ARRIBA;-16.33466297;-71.58757748;-1932883.155;2833345.854;False; ; ;0; ; ; ; ; ; ;
TRACK;24.- VILLA ESPERANZA + VILLA SANJUAN ZONA A PARTE ARRIBA;-16.33439335;-71.58743338;-1932853.296;2833365.69;False; ; ;0; ; ; ; ; ; ;
TRACK;24.- VILLA ESPERANZA + VILLA SANJUAN ZONA A PARTE ARRIBA;-16.3352553;-71.58583113;-1932974.579;2833536.21;False; ; ;0; ; ; ; ; ; ;
TRACK;24.- VILLA ESPERANZA + VILLA SANJUAN ZONA A PARTE ARRIBA;-16.33607632;-71.58633838;-1933064.65;2833468.044;False; ; ;0; ; ; ; ; ; ;
TRACK;24.- VILLA ESPERANZA + VILLA SANJUAN ZONA A PARTE ARRIBA;-16.33626041;-71.5860165;-1933090.3;2833502.157;False; ; ;0; ; ; ; ; ; ;
TRACK;24.- VILLA ESPERANZA + VILLA SANJUAN ZONA A PARTE ARRIBA;-16.33671941;-71.58553417;-1933150.244;2833550.902;False; ; ;0; ; ; ; ; ; ;
TRACK;24.- VILLA ESPERANZA + VILLA SANJUAN ZONA A PARTE ARRIBA;-16.33538163;-71.58418345;-1933010.044;2833721.419;False; ; ;0; ; ; ; ; ; ;
TRACK;24.- VILLA ESPERANZA + VILLA SANJUAN ZONA A PARTE ARRIBA;-16.33477025;-71.58462658;-1932932.694;2833679.095;False; ; ;0; ; ; ; ; ; ;
TRACK;24.- VILLA ESPERANZA + VILLA SANJUAN ZONA A PARTE ARRIBA;-16.33303888;-71.58613933;-1932710.423;2833529.994;False; ; ;0; ; ; ; ; ; ;
TRACK;24.- VILLA ESPERANZA + VILLA SANJUAN ZONA A PARTE ARRIBA;-16.33179758;-71.58772908;-1932544.747;2833365.804;False; ; ;0; ; ; ; ; ; ;
TRACK;24.- VILLA ESPERANZA + VILLA SANJUAN ZONA A PARTE ARRIBA;-16.33222169;-71.5878052;-1932593.601;2833351.675;False; ; ;0; ; ; ; ; ; ;
TRACK;24.- VILLA ESPERANZA + VILLA SANJUAN ZONA A PARTE ARRIBA;-16.33289804;-71.58775074;-1932673.714;2833349.084;False; ; ;0; ; ; ; ; ; ;
TRACK;24.- VILLA ESPERANZA + VILLA SANJUAN ZONA A PARTE ARRIBA;-16.33284294;-71.58782583;-1932666.303;2833341.283;False; ; ;0; ; ; ; ; ; ;
TRACK;24.- VILLA ESPERANZA + VILLA SANJUAN ZONA A PARTE ARRIBA;-16.333059;-71.5879126;-1932690.591;2833328.644;False; ; ;0; ; ; ; ; ; ;
TRACK;24.- VILLA ESPERANZA + VILLA SANJUAN ZONA A PARTE ARRIBA;-16.33320739;-71.58772857;-1932710.321;2833347.589;False; ; ;0; ; ; ; ; ; ;
TRACK;24.- VILLA ESPERANZA + VILLA SANJUAN ZONA A PARTE ARRIBA;-16.33332656;-71.58774548;-1932724.104;2833344.127;False; ; ;0; ; ; ; ; ; ;
TRACK;24.- VILLA ESPERANZA + VILLA SANJUAN ZONA A PARTE ARRIBA;-16.33343322;-71.5876356;-1932738.007;2833355.204;False; ; ;0; ; ; ; ; ; ;
TRACK;24.- VILLA ESPERANZA + VILLA SANJUAN ZONA A PARTE ARRIBA;-16.33346903;-71.58759497;-1932742.72;2833359.348;False; ; ;0; ; ; ; ; ; ;
TRACK;24.- VILLA ESPERANZA + VILLA SANJUAN ZONA A PARTE ARRIBA;-16.33349094;-71.58758493;-1932745.419;2833360.202;False; ; ;0; ; ; ; ; ; ;
TRACK;24.- VILLA ESPERANZA + VILLA SANJUAN ZONA A PARTE ARRIBA;-16.33350934;-71.58757828;-1932747.663;2833360.718;False; ; ;0; ; ; ; ; ; ;
TRACK;24.- VILLA ESPERANZA + VILLA SANJUAN ZONA A PARTE ARRIBA;-16.33352647;-71.58756153;-1932749.884;2833362.395;False; ; ;0; ; ; ; ; ; ;
TRACK;24.- VILLA ESPERANZA + VILLA SANJUAN ZONA A PARTE ARRIBA;-16.33353549;-71.58754142;-1932751.195;2833364.559;False; ; ;0; ; ; ; ; ; ;
TRACK;24.- VILLA ESPERANZA + VILLA SANJUAN ZONA A PARTE ARRIBA;-16.33353658;-71.58753471;-1932751.408;2833365.305;False; ; ;0; ; ; ; ; ; ;
TRACK;24.- VILLA ESPERANZA + VILLA SANJUAN ZONA A PARTE ARRIBA;-16.33394222;-71.58751842;-1932799.25;2833361.895;False; ; ;0; ; ; ; ; ; ;
TRACK;24.- VILLA ESPERANZA + VILLA SANJUAN ZONA A PARTE ARRIBA;-16.33462996;-71.58766418;-1932878.194;2833336.451;False; ; ;0; ; ; ; ; ; ;
TRACK;25.- VILLA SANJUAN ZONA A PARTE BAJA; ; ;-1.516416327;20763369.87; ; ; ; ; ; ; ; ; ; ;
TRACK;25.- VILLA SANJUAN ZONA A PARTE BAJA;-16.33478642;-71.5876304;-1932896.991;2833338.253;False; ; ;0; ; ; ; ; ; ;
TRACK;25.- VILLA SANJUAN ZONA A PARTE BAJA;-16.33516872;-71.5878495;-1932939.145;2833308.451;False; ; ;0; ; ; ; ; ; ;
TRACK;25.- VILLA SANJUAN ZONA A PARTE BAJA;-16.33526524;-71.58779063;-1932951.218;2833313.876;False; ; ;0; ; ; ; ; ; ;
TRACK;25.- VILLA SANJUAN ZONA A PARTE BAJA;-16.33531625;-71.58791593;-1932955.64;2833299.005;False; ; ;0; ; ; ; ; ; ;
TRACK;25.- VILLA SANJUAN ZONA A PARTE BAJA;-16.33561231;-71.58812556;-1932987.785;2833271.396;False; ; ;0; ; ; ; ; ; ;
TRACK;25.- VILLA SANJUAN ZONA A PARTE BAJA;-16.33587529;-71.5881348;-1933018.553;2833266.94;False; ; ;0; ; ; ; ; ; ;
TRACK;25.- VILLA SANJUAN ZONA A PARTE BAJA;-16.33617688;-71.5880546;-1933054.976;2833272.124;False; ; ;0; ; ; ; ; ; ;
TRACK;25.- VILLA SANJUAN ZONA A PARTE BAJA;-16.33640016;-71.58787726;-1933083.418;2833289.34;False; ; ;0; ; ; ; ; ; ;
TRACK;25.- VILLA SANJUAN ZONA A PARTE BAJA;-16.33691538;-71.58780613;-1933144.815;2833290.726;False; ; ;0; ; ; ; ; ; ;
TRACK;25.- VILLA SANJUAN ZONA A PARTE BAJA;-16.33769579;-71.58758355;-1933239.252;2833305.848;False; ; ;0; ; ; ; ; ; ;
TRACK;25.- VILLA SANJUAN ZONA A PARTE BAJA;-16.33791824;-71.58761154;-1933265.027;2833299.789;False; ; ;0; ; ; ; ; ; ;
TRACK;25.- VILLA SANJUAN ZONA A PARTE BAJA;-16.33787235;-71.58736584;-1933262.714;2833328.246;False; ; ;0; ; ; ; ; ; ;
TRACK;25.- VILLA SANJUAN ZONA A PARTE BAJA;-16.33831635;-71.58750434;-1933313.122;2833306.783;False; ; ;0; ; ; ; ; ; ;
TRACK;25.- VILLA SANJUAN ZONA A PARTE BAJA;-16.33845155;-71.58666375;-1933339.524;2833400.351;False; ; ;0; ; ; ; ; ; ;
TRACK;25.- VILLA SANJUAN ZONA A PARTE BAJA;-16.33829013;-71.58633604;-1933324.671;2833439.605;False; ; ;0; ; ; ; ; ; ;
TRACK;25.- VILLA SANJUAN ZONA A PARTE BAJA;-16.33829894;-71.58573581;-1933333.22;2833507.555;False; ; ;0; ; ; ; ; ; ;
TRACK;25.- VILLA SANJUAN ZONA A PARTE BAJA;-16.33683285;-71.58549245;-1933164.088;2833554.162;False; ; ;0; ; ; ; ; ; ;
TRACK;25.- VILLA SANJUAN ZONA A PARTE BAJA;-16.3365672;-71.58581421;-1933128.862;2833521.119;False; ; ;0; ; ; ; ; ; ;
TRACK;25.- VILLA SANJUAN ZONA A PARTE BAJA;-16.33625057;-71.58613883;-1933087.612;2833488.413;False; ; ;0; ; ; ; ; ; ;
TRACK;25.- VILLA SANJUAN ZONA A PARTE BAJA;-16.33610346;-71.58640224;-1933067.039;2833460.45;False; ; ;0; ; ; ; ; ; ;
TRACK;25.- VILLA SANJUAN ZONA A PARTE BAJA;-16.33529193;-71.58589651;-1932978.063;2833528.32;False; ; ;0; ; ; ; ; ; ;
TRACK;25.- VILLA SANJUAN ZONA A PARTE BAJA;-16.33446184;-71.58742412;-1932861.454;2833365.852;False; ; ;0; ; ; ; ; ; ;
TRACK;26.-; ; ;-1.516416327;20763369.87; ; ; ; ; ; ; ; ; ; ;
TRACK;26.-;-16.31424196;-71.57621754;-1930626.969;2834898.834;False; ; ;0; ; ; ; ; ; ;
TRACK;26.-;-16.31216465;-71.57531654;-1930394.258;2835027.941;False; ; ;0; ; ; ; ; ; ;
TRACK;26.-;-16.31243617;-71.57274884;-1930458.276;2835315.662;False; ; ;0; ; ; ; ; ; ;
TRACK;26.-;-16.31045154;-71.57204396;-1930233.994;2835421.328;False; ; ;0; ; ; ; ; ; ;
TRACK;26.-;-16.30722953;-71.57211628;-1929854.651;2835454.866;False; ; ;0; ; ; ; ; ; ;
TRACK;26.-;-16.30636677;-71.57524423;-1929714.19;2835111.243;False; ; ;0; ; ; ; ; ; ;
TRACK;26.-;-16.30931497;-71.57591611;-1930052.059;2834996.85;False; ; ;0; ; ; ; ; ; ;
TRACK;26.-;-16.31233872;-71.57811306;-1930379.719;2834708.498;False; ; ;0; ; ; ; ; ; ;
TRACK;26.-;-16.31374042;-71.57919873;-1930530.766;2834567.204;False; ; ;0; ; ; ; ; ; ;
TRACK;26.-;-16.3154163;-71.57775566;-1930745.65;2834709.166;False; ; ;0; ; ; ; ; ; ;
TRACK;26.-;-16.31521631;-71.57707527;-1930730.674;2834788.927;False; ; ;0; ; ; ; ; ; ;
